duration, score, antivirus count, process count, signature count, report size, is malware
61, 3.0, 0, 1, 6, 7160716, False
84, 3.2, 0, 1, 7, 8562521, False
75, 3.2, 0, 1, 7, 8437910, False
79, 3.2, 0, 1, 7, 7528990, False
176, 3.8, 0, 1, 8, 13634477, False
60, 3.0, 0, 1, 6, 7806895, False
84, 3.6, 0, 1, 8, 7553601, False
63, 3.6, 0, 1, 9, 13275657, False
173, 4.0, 0, 1, 9, 8204242, False
62, 3.2, 0, 1, 7, 7124170, False
85, 3.2, 0, 1, 7, 7680824, False
154, 3.6, 0, 1, 8, 9489027, False
66, 3.0, 0, 1, 6, 7530600, False
73, 3.2, 0, 1, 7, 8665978, False
80, 3.8, 0, 1, 9, 7529073, False
76, 3.2, 0, 1, 7, 7489912, False
172, 3.4, 0, 1, 8, 8565315, False
111, 2.8, 0, 1, 5, 7371953, False
66, 3.6, 0, 1, 8, 7371925, False
98, 3.2, 0, 1, 7, 7758372, False
67, 3.0, 0, 1, 6, 7025231, False
86, 4.2, 0, 1, 10, 8614790, False
69, 3.4, 0, 1, 7, 7476168, False
61, 3.6, 0, 1, 8, 7685933, False
81, 3.4, 0, 1, 8, 7378755, False
82, 3.8, 0, 1, 9, 8160768, False
151, 8.6, 0, 11, 19, 27298623, False
69, 3.0, 0, 1, 6, 7865921, False
93, 4.4, 0, 1, 10, 10752170, False
85, 3.2, 0, 1, 7, 8489114, False
76, 4.0, 0, 1, 10, 7150111, False
166, 3.6, 0, 1, 9, 8681049, False
154, 3.4, 0, 1, 8, 7765129, False
191, 3.4, 0, 1, 8, 8195926, False
78, 3.6, 0, 1, 8, 7599988, False
75, 3.8, 0, 1, 9, 7261816, False
85, 3.0, 0, 1, 6, 8951955, False
175, 5.6, 0, 2, 12, 28674161, False
54, 2.8, 0, 1, 5, 7620180, False
185, 4.6, 0, 3, 12, 56418279, False
61, 3.0, 0, 1, 6, 7492522, False
61, 3.2, 0, 1, 7, 7306948, False
85, 3.6, 0, 1, 8, 7202194, False
79, 3.6, 0, 1, 8, 7190742, False
72, 3.6, 0, 0, 8, 7475108, False
196, 4.4, 0, 1, 11, 11702285, False
66, 3.2, 0, 1, 7, 7621937, False
72, 3.2, 0, 1, 7, 7310971, False
73, 3.6, 0, 1, 9, 7435761, False
93, 4.2, 0, 1, 10, 12400179, False
77, 3.2, 0, 1, 7, 7073443, False
107, 3.8, 0, 1, 9, 8856280, False
69, 5.0, 0, 1, 12, 7739413, False
76, 3.2, 0, 1, 7, 7865946, False
80, 3.0, 0, 1, 6, 7462865, False
73, 3.2, 0, 1, 7, 7707372, False
89, 3.0, 0, 1, 6, 7536852, False
78, 3.4, 0, 1, 7, 7720537, False
63, 3.6, 0, 1, 8, 8039743, False
81, 3.0, 0, 1, 6, 8174757, False
59, 3.4, 0, 1, 8, 8365183, False
64, 3.2, 0, 1, 7, 7576244, False
58, 3.6, 0, 1, 8, 8897932, False
70, 3.6, 0, 1, 9, 7811037, False
71, 3.2, 0, 0, 7, 7548641, False
82, 3.6, 0, 1, 8, 7209666, False
80, 3.2, 0, 1, 7, 8309935, False
60, 3.4, 0, 1, 7, 8921494, False
80, 3.4, 0, 1, 8, 7633921, False
72, 3.0, 0, 1, 6, 7414370, False
77, 3.4, 0, 1, 8, 7506385, False
85, 3.2, 0, 1, 7, 7252715, False
71, 2.8, 0, 1, 5, 8967077, False
75, 2.8, 0, 0, 5, 7346309, False
166, 4.4, 0, 2, 11, 69500589, False
170, 3.6, 0, 1, 9, 7740402, False
62, 3.0, 0, 1, 6, 7728936, False
60, 3.2, 0, 1, 7, 7808624, False
101, 3.2, 0, 1, 7, 7900701, False
58, 3.6, 0, 1, 9, 7659892, False
106, 3.4, 0, 1, 7, 10958490, False
81, 3.0, 0, 1, 6, 8398343, False
67, 3.2, 0, 1, 7, 8760619, False
71, 3.2, 0, 1, 7, 7324568, False
161, 3.2, 0, 1, 7, 6559632, False
220, 3.8, 0, 1, 8, 6399088, False
78, 3.4, 0, 1, 8, 8495914, False
191, 9.4, 1, 11, 21, 75972768, False
80, 3.4, 0, 1, 8, 7267928, False
74, 3.0, 0, 1, 6, 7267012, False
65, 3.6, 0, 1, 8, 7679174, False
70, 3.2, 0, 1, 7, 7722300, False
72, 3.2, 0, 0, 7, 7206458, False
82, 3.2, 0, 1, 7, 8788659, False
158, 4.8, 0, 2, 13, 69622223, False
120, 3.8, 0, 1, 8, 10061731, False
173, 7.6, 0, 3, 17, 69032279, False
81, 3.8, 0, 1, 9, 9499536, False
79, 2.8, 0, 1, 5, 7763708, False
160, 4.8, 0, 1, 12, 10912375, False
168, 3.8, 0, 2, 9, 11803358, False
66, 3.2, 0, 1, 7, 7258313, False
87, 3.2, 0, 1, 7, 7135798, False
73, 2.8, 0, 0, 5, 7330306, False
72, 3.4, 0, 1, 8, 8579848, False
67, 3.4, 0, 0, 6, 7871125, False
185, 3.4, 0, 1, 8, 9127322, False
87, 3.2, 0, 1, 7, 7331925, False
77, 3.2, 0, 1, 7, 7779581, False
60, 3.0, 0, 1, 6, 7739761, False
89, 3.2, 0, 1, 7, 7570847, False
83, 3.8, 0, 1, 9, 8471615, False
224, 3.8, 0, 1, 8, 4272340, False
70, 3.2, 0, 0, 7, 7477851, False
155, 3.0, 0, 1, 6, 7273636, False
59, 3.8, 0, 1, 9, 7335949, False
70, 2.8, 0, 0, 5, 7235991, False
57, 4.4, 0, 1, 11, 10085122, False
72, 3.2, 0, 1, 7, 7374277, False
163, 5.2, 0, 2, 13, 15971105, False
79, 3.2, 0, 1, 7, 7444005, False
82, 3.6, 0, 1, 8, 7602508, False
101, 3.4, 0, 1, 8, 7375951, False
66, 3.4, 0, 1, 8, 7439673, False
78, 3.0, 0, 1, 6, 7372431, False
103, 3.2, 0, 1, 7, 8804853, False
82, 3.6, 0, 1, 8, 8483324, False
67, 3.4, 0, 1, 8, 7323888, False
181, 6.8, 0, 2, 17, 37474100, False
66, 3.2, 0, 1, 7, 7482617, False
77, 3.4, 0, 1, 8, 7130981, False
80, 4.2, 0, 1, 10, 8824887, False
65, 2.8, 0, 0, 5, 8755904, False
178, 6.2, 0, 3, 16, 60300726, False
74, 3.6, 0, 1, 8, 7256669, False
172, 4.0, 0, 1, 10, 9867116, False
68, 3.0, 0, 1, 6, 8057254, False
174, 3.6, 0, 1, 9, 9462134, False
72, 3.6, 0, 1, 8, 7441199, False
82, 3.2, 0, 1, 7, 7800529, False
61, 3.0, 0, 1, 6, 8523819, False
143, 3.4, 0, 1, 8, 8518539, False
60, 3.2, 0, 1, 7, 7323367, False
35, 2.8, 0, 1, 5, 7583136, False
81, 2.8, 0, 1, 5, 7962551, False
68, 3.2, 0, 0, 7, 7234506, False
89, 2.8, 0, 0, 5, 7323245, False
70, 3.6, 0, 1, 8, 7314190, False
174, 3.4, 0, 1, 8, 7877040, False
62, 3.2, 0, 1, 7, 7878452, False
181, 3.4, 0, 1, 8, 5402772, False
68, 3.8, 0, 1, 10, 8266330, False
170, 4.6, 0, 2, 11, 18538342, False
85, 3.2, 0, 1, 7, 8027848, False
64, 2.8, 0, 1, 5, 7881752, False
82, 3.2, 0, 1, 7, 7869538, False
75, 3.2, 0, 1, 7, 7177715, False
166, 3.2, 0, 1, 7, 7947008, False
74, 3.2, 0, 1, 7, 7756053, False
67, 3.0, 0, 1, 6, 7095790, False
173, 3.4, 0, 1, 8, 8161961, False
115, 3.2, 0, 1, 6, 14026846, False
69, 5.0, 0, 1, 12, 8108354, False
69, 3.2, 0, 1, 7, 7608358, False
83, 3.2, 0, 1, 7, 7559967, False
66, 3.2, 0, 1, 7, 7856806, False
72, 3.0, 0, 1, 6, 7304588, False
77, 3.4, 0, 2, 8, 9346723, False
57, 3.2, 0, 1, 7, 7616304, False
68, 3.2, 0, 1, 7, 7184232, False
74, 2.8, 0, 1, 5, 7440085, False
184, 3.2, 0, 1, 7, 6966579, False
54, 3.0, 0, 1, 6, 7240323, False
73, 3.8, 0, 1, 9, 7981842, False
88, 3.4, 0, 1, 8, 7649110, False
60, 3.6, 0, 1, 8, 7476484, False
68, 3.8, 0, 1, 9, 7561623, False
69, 3.4, 0, 1, 8, 7728111, False
58, 3.0, 0, 1, 6, 7144423, False
80, 4.2, 0, 1, 8, 8076481, False
162, 3.4, 0, 1, 8, 8293332, False
82, 3.2, 0, 1, 7, 7150811, False
70, 3.6, 0, 1, 8, 7939277, False
67, 3.2, 0, 1, 7, 7655060, False
68, 3.4, 0, 1, 8, 8580979, False
103, 3.6, 0, 1, 9, 8115548, False
92, 3.4, 0, 1, 8, 7585781, False
171, 3.4, 0, 1, 8, 8293473, False
94, 5.2, 0, 1, 13, 13394365, False
131, 3.8, 0, 1, 9, 8602145, False
79, 3.2, 0, 1, 7, 7195791, False
66, 3.4, 0, 1, 8, 7792945, False
79, 3.6, 0, 1, 8, 7494737, False
76, 3.4, 0, 1, 8, 7151476, False
170, 3.4, 0, 1, 8, 8333533, False
69, 3.0, 0, 1, 6, 8400254, False
92, 3.8, 0, 1, 9, 9681829, False
170, 3.4, 0, 1, 8, 8643157, False
93, 3.0, 0, 1, 6, 7332548, False
66, 2.8, 0, 1, 5, 8099766, False
95, 3.0, 0, 1, 6, 7200959, False
171, 4.2, 0, 1, 10, 12182983, False
165, 3.0, 0, 1, 6, 8300108, False
80, 3.2, 0, 1, 7, 8075213, False
69, 3.0, 0, 0, 6, 7304674, False
122, 3.2, 0, 1, 7, 7900322, False
68, 3.0, 0, 1, 6, 7374915, False
158, 5.0, 0, 2, 14, 57943399, False
177, 3.8, 0, 1, 9, 8230597, False
83, 3.2, 0, 1, 7, 8587846, False
69, 3.2, 0, 1, 7, 7485342, False
73, 3.0, 0, 0, 6, 7566675, False
80, 3.6, 0, 1, 8, 7236743, False
82, 3.2, 0, 1, 7, 8156602, False
66, 3.6, 0, 1, 8, 8109281, False
57, 3.8, 0, 1, 9, 7358748, False
82, 3.2, 0, 1, 7, 8311949, False
63, 3.4, 0, 1, 8, 8132505, False
92, 3.2, 0, 1, 7, 7667318, False
69, 3.2, 0, 1, 7, 8292750, False
86, 3.2, 0, 1, 7, 7765181, False
74, 3.4, 0, 1, 8, 7425627, False
141, 3.0, 0, 1, 6, 8766939, False
77, 3.2, 0, 1, 7, 7630725, False
195, 4.0, 0, 1, 10, 9900039, False
75, 3.4, 0, 1, 8, 8737134, False
71, 3.2, 0, 1, 7, 7200098, False
185, 3.6, 0, 1, 8, 7628460, False
105, 3.2, 0, 1, 7, 7620287, False
77, 3.6, 0, 1, 8, 8137446, False
83, 3.4, 0, 1, 8, 7544747, False
73, 3.4, 0, 1, 8, 9178857, False
58, 3.2, 0, 1, 7, 7771123, False
59, 3.2, 0, 1, 7, 7603548, False
57, 3.8, 0, 1, 9, 7785569, False
67, 3.2, 0, 1, 7, 7637990, False
157, 3.8, 0, 1, 9, 9264432, False
92, 3.8, 0, 1, 9, 8096266, False
81, 3.0, 0, 0, 6, 7613864, False
91, 3.2, 0, 1, 7, 7605272, False
173, 4.4, 0, 1, 11, 8323596, False
94, 2.8, 0, 1, 5, 6866160, False
98, 3.2, 0, 1, 7, 7306852, False
188, 3.4, 0, 1, 8, 8065077, False
94, 3.2, 0, 1, 7, 8743357, False
167, 5.0, 0, 2, 13, 44069742, False
185, 2.6, 0, 1, 6, 6264353, False
92, 3.8, 0, 1, 9, 8520808, False
203, 2.8, 0, 1, 7, 5257127, False
60, 2.8, 0, 1, 5, 7145807, False
83, 3.4, 0, 1, 8, 7271377, False
108, 4.2, 0, 1, 10, 12860083, False
55, 3.2, 0, 1, 7, 8916208, False
100, 3.2, 0, 1, 7, 7522717, False
66, 3.4, 0, 1, 8, 7761839, False
94, 4.2, 0, 1, 11, 8582064, False
63, 3.0, 0, 1, 6, 7311320, False
96, 4.4, 0, 1, 11, 12633680, False
91, 3.2, 0, 1, 7, 7504298, False
85, 3.2, 0, 1, 7, 7958984, False
80, 3.2, 0, 1, 7, 7635709, False
198, 7.4, 0, 2, 17, 107739708, False
72, 3.4, 0, 1, 8, 7573044, False
168, 4.6, 0, 1, 12, 8377608, False
85, 3.0, 0, 1, 6, 7800780, False
74, 3.2, 0, 0, 7, 7555952, False
82, 3.6, 0, 1, 8, 7702952, False
87, 3.2, 0, 1, 7, 7674249, False
105, 3.8, 0, 1, 9, 8750625, False
83, 4.2, 0, 1, 10, 8666507, False
95, 3.8, 0, 1, 9, 8285550, False
81, 3.8, 0, 1, 9, 7971517, False
84, 3.2, 0, 1, 7, 7088229, False
72, 3.2, 0, 1, 7, 7120179, False
92, 3.4, 0, 1, 8, 7524773, False
78, 3.0, 0, 1, 6, 7485938, False
89, 3.4, 0, 1, 8, 8511635, False
81, 3.8, 0, 1, 10, 7702488, False
78, 3.2, 0, 0, 7, 7856376, False
81, 4.2, 0, 1, 10, 8889386, False
67, 3.2, 0, 1, 7, 7511391, False
85, 3.4, 0, 1, 8, 7420511, False
181, 3.6, 0, 1, 8, 8901727, False
202, 3.4, 0, 1, 8, 7726743, False
78, 3.2, 0, 1, 7, 7410807, False
185, 3.2, 0, 1, 7, 6790238, False
88, 3.0, 0, 1, 6, 8180066, False
75, 3.2, 0, 0, 7, 7777823, False
59, 3.4, 0, 1, 8, 8795844, False
74, 3.0, 0, 1, 6, 7501885, False
77, 3.8, 0, 1, 9, 7710536, False
160, 3.4, 0, 1, 8, 9442272, False
169, 5.4, 0, 1, 15, 16239799, False
101, 3.2, 0, 1, 7, 8212803, False
90, 3.4, 0, 1, 8, 7483398, False
64, 3.0, 0, 1, 6, 8676142, False
175, 3.8, 0, 1, 9, 8170369, False
90, 3.6, 0, 1, 8, 7577498, False
83, 3.4, 0, 1, 8, 8049332, False
73, 3.4, 0, 1, 8, 7502641, False
194, 3.4, 0, 1, 8, 7700409, False
82, 3.2, 0, 1, 7, 7561940, False
61, 3.0, 0, 1, 6, 7160716, False
84, 3.2, 0, 1, 7, 8562521, False
75, 3.2, 0, 1, 7, 8437910, False
79, 3.2, 0, 1, 7, 7528990, False
176, 3.8, 0, 1, 8, 13634477, False
60, 3.0, 0, 1, 6, 7806895, False
84, 3.6, 0, 1, 8, 7553601, False
63, 3.6, 0, 1, 9, 13275657, False
173, 4.0, 0, 1, 9, 8204242, False
62, 3.2, 0, 1, 7, 7124170, False
85, 3.2, 0, 1, 7, 7680824, False
154, 3.6, 0, 1, 8, 9489027, False
66, 3.0, 0, 1, 6, 7530600, False
73, 3.2, 0, 1, 7, 8665978, False
80, 3.8, 0, 1, 9, 7529073, False
76, 3.2, 0, 1, 7, 7489912, False
172, 3.4, 0, 1, 8, 8565315, False
111, 2.8, 0, 1, 5, 7371953, False
66, 3.6, 0, 1, 8, 7371925, False
98, 3.2, 0, 1, 7, 7758372, False
67, 3.0, 0, 1, 6, 7025231, False
86, 4.2, 0, 1, 10, 8614790, False
69, 3.4, 0, 1, 7, 7476168, False
61, 3.6, 0, 1, 8, 7685933, False
81, 3.4, 0, 1, 8, 7378755, False
82, 3.8, 0, 1, 9, 8160768, False
151, 8.6, 0, 11, 19, 27298623, False
69, 3.0, 0, 1, 6, 7865921, False
93, 4.4, 0, 1, 10, 10752170, False
85, 3.2, 0, 1, 7, 8489114, False
76, 4.0, 0, 1, 10, 7150111, False
166, 3.6, 0, 1, 9, 8681049, False
154, 3.4, 0, 1, 8, 7765129, False
191, 3.4, 0, 1, 8, 8195926, False
78, 3.6, 0, 1, 8, 7599988, False
75, 3.8, 0, 1, 9, 7261816, False
85, 3.0, 0, 1, 6, 8951955, False
175, 5.6, 0, 2, 12, 28674161, False
54, 2.8, 0, 1, 5, 7620180, False
185, 4.6, 0, 3, 12, 56418279, False
61, 3.0, 0, 1, 6, 7492522, False
61, 3.2, 0, 1, 7, 7306948, False
85, 3.6, 0, 1, 8, 7202194, False
79, 3.6, 0, 1, 8, 7190742, False
72, 3.6, 0, 0, 8, 7475108, False
196, 4.4, 0, 1, 11, 11702285, False
66, 3.2, 0, 1, 7, 7621937, False
72, 3.2, 0, 1, 7, 7310971, False
73, 3.6, 0, 1, 9, 7435761, False
93, 4.2, 0, 1, 10, 12400179, False
77, 3.2, 0, 1, 7, 7073443, False
107, 3.8, 0, 1, 9, 8856280, False
69, 5.0, 0, 1, 12, 7739413, False
76, 3.2, 0, 1, 7, 7865946, False
80, 3.0, 0, 1, 6, 7462865, False
73, 3.2, 0, 1, 7, 7707372, False
89, 3.0, 0, 1, 6, 7536852, False
78, 3.4, 0, 1, 7, 7720537, False
63, 3.6, 0, 1, 8, 8039743, False
81, 3.0, 0, 1, 6, 8174757, False
59, 3.4, 0, 1, 8, 8365183, False
64, 3.2, 0, 1, 7, 7576244, False
58, 3.6, 0, 1, 8, 8897932, False
70, 3.6, 0, 1, 9, 7811037, False
71, 3.2, 0, 0, 7, 7548641, False
82, 3.6, 0, 1, 8, 7209666, False
80, 3.2, 0, 1, 7, 8309935, False
60, 3.4, 0, 1, 7, 8921494, False
80, 3.4, 0, 1, 8, 7633921, False
72, 3.0, 0, 1, 6, 7414370, False
77, 3.4, 0, 1, 8, 7506385, False
85, 3.2, 0, 1, 7, 7252715, False
71, 2.8, 0, 1, 5, 8967077, False
75, 2.8, 0, 0, 5, 7346309, False
166, 4.4, 0, 2, 11, 69500589, False
170, 3.6, 0, 1, 9, 7740402, False
62, 3.0, 0, 1, 6, 7728936, False
60, 3.2, 0, 1, 7, 7808624, False
101, 3.2, 0, 1, 7, 7900701, False
58, 3.6, 0, 1, 9, 7659892, False
106, 3.4, 0, 1, 7, 10958490, False
81, 3.0, 0, 1, 6, 8398343, False
67, 3.2, 0, 1, 7, 8760619, False
71, 3.2, 0, 1, 7, 7324568, False
161, 3.2, 0, 1, 7, 6559632, False
220, 3.8, 0, 1, 8, 6399088, False
78, 3.4, 0, 1, 8, 8495914, False
191, 9.4, 1, 11, 21, 75972768, False
80, 3.4, 0, 1, 8, 7267928, False
74, 3.0, 0, 1, 6, 7267012, False
65, 3.6, 0, 1, 8, 7679174, False
70, 3.2, 0, 1, 7, 7722300, False
72, 3.2, 0, 0, 7, 7206458, False
82, 3.2, 0, 1, 7, 8788659, False
158, 4.8, 0, 2, 13, 69622223, False
120, 3.8, 0, 1, 8, 10061731, False
173, 7.6, 0, 3, 17, 69032279, False
81, 3.8, 0, 1, 9, 9499536, False
79, 2.8, 0, 1, 5, 7763708, False
160, 4.8, 0, 1, 12, 10912375, False
168, 3.8, 0, 2, 9, 11803358, False
66, 3.2, 0, 1, 7, 7258313, False
87, 3.2, 0, 1, 7, 7135798, False
73, 2.8, 0, 0, 5, 7330306, False
72, 3.4, 0, 1, 8, 8579848, False
67, 3.4, 0, 0, 6, 7871125, False
185, 3.4, 0, 1, 8, 9127322, False
87, 3.2, 0, 1, 7, 7331925, False
77, 3.2, 0, 1, 7, 7779581, False
60, 3.0, 0, 1, 6, 7739761, False
89, 3.2, 0, 1, 7, 7570847, False
83, 3.8, 0, 1, 9, 8471615, False
224, 3.8, 0, 1, 8, 4272340, False
70, 3.2, 0, 0, 7, 7477851, False
155, 3.0, 0, 1, 6, 7273636, False
59, 3.8, 0, 1, 9, 7335949, False
70, 2.8, 0, 0, 5, 7235991, False
57, 4.4, 0, 1, 11, 10085122, False
72, 3.2, 0, 1, 7, 7374277, False
163, 5.2, 0, 2, 13, 15971105, False
79, 3.2, 0, 1, 7, 7444005, False
82, 3.6, 0, 1, 8, 7602508, False
101, 3.4, 0, 1, 8, 7375951, False
66, 3.4, 0, 1, 8, 7439673, False
78, 3.0, 0, 1, 6, 7372431, False
103, 3.2, 0, 1, 7, 8804853, False
82, 3.6, 0, 1, 8, 8483324, False
67, 3.4, 0, 1, 8, 7323888, False
181, 6.8, 0, 2, 17, 37474100, False
66, 3.2, 0, 1, 7, 7482617, False
77, 3.4, 0, 1, 8, 7130981, False
80, 4.2, 0, 1, 10, 8824887, False
65, 2.8, 0, 0, 5, 8755904, False
178, 6.2, 0, 3, 16, 60300726, False
74, 3.6, 0, 1, 8, 7256669, False
172, 4.0, 0, 1, 10, 9867116, False
68, 3.0, 0, 1, 6, 8057254, False
174, 3.6, 0, 1, 9, 9462134, False
72, 3.6, 0, 1, 8, 7441199, False
82, 3.2, 0, 1, 7, 7800529, False
61, 3.0, 0, 1, 6, 8523819, False
143, 3.4, 0, 1, 8, 8518539, False
60, 3.2, 0, 1, 7, 7323367, False
35, 2.8, 0, 1, 5, 7583136, False
81, 2.8, 0, 1, 5, 7962551, False
68, 3.2, 0, 0, 7, 7234506, False
89, 2.8, 0, 0, 5, 7323245, False
70, 3.6, 0, 1, 8, 7314190, False
174, 3.4, 0, 1, 8, 7877040, False
62, 3.2, 0, 1, 7, 7878452, False
181, 3.4, 0, 1, 8, 5402772, False
68, 3.8, 0, 1, 10, 8266330, False
170, 4.6, 0, 2, 11, 18538342, False
85, 3.2, 0, 1, 7, 8027848, False
64, 2.8, 0, 1, 5, 7881752, False
82, 3.2, 0, 1, 7, 7869538, False
75, 3.2, 0, 1, 7, 7177715, False
166, 3.2, 0, 1, 7, 7947008, False
74, 3.2, 0, 1, 7, 7756053, False
67, 3.0, 0, 1, 6, 7095790, False
173, 3.4, 0, 1, 8, 8161961, False
115, 3.2, 0, 1, 6, 14026846, False
69, 5.0, 0, 1, 12, 8108354, False
69, 3.2, 0, 1, 7, 7608358, False
83, 3.2, 0, 1, 7, 7559967, False
66, 3.2, 0, 1, 7, 7856806, False
72, 3.0, 0, 1, 6, 7304588, False
77, 3.4, 0, 2, 8, 9346723, False
57, 3.2, 0, 1, 7, 7616304, False
68, 3.2, 0, 1, 7, 7184232, False
74, 2.8, 0, 1, 5, 7440085, False
184, 3.2, 0, 1, 7, 6966579, False
54, 3.0, 0, 1, 6, 7240323, False
73, 3.8, 0, 1, 9, 7981842, False
88, 3.4, 0, 1, 8, 7649110, False
60, 3.6, 0, 1, 8, 7476484, False
68, 3.8, 0, 1, 9, 7561623, False
69, 3.4, 0, 1, 8, 7728111, False
58, 3.0, 0, 1, 6, 7144423, False
80, 4.2, 0, 1, 8, 8076481, False
162, 3.4, 0, 1, 8, 8293332, False
82, 3.2, 0, 1, 7, 7150811, False
70, 3.6, 0, 1, 8, 7939277, False
67, 3.2, 0, 1, 7, 7655060, False
68, 3.4, 0, 1, 8, 8580979, False
103, 3.6, 0, 1, 9, 8115548, False
92, 3.4, 0, 1, 8, 7585781, False
171, 3.4, 0, 1, 8, 8293473, False
94, 5.2, 0, 1, 13, 13394365, False
131, 3.8, 0, 1, 9, 8602145, False
79, 3.2, 0, 1, 7, 7195791, False
66, 3.4, 0, 1, 8, 7792945, False
79, 3.6, 0, 1, 8, 7494737, False
76, 3.4, 0, 1, 8, 7151476, False
170, 3.4, 0, 1, 8, 8333533, False
69, 3.0, 0, 1, 6, 8400254, False
92, 3.8, 0, 1, 9, 9681829, False
170, 3.4, 0, 1, 8, 8643157, False
93, 3.0, 0, 1, 6, 7332548, False
66, 2.8, 0, 1, 5, 8099766, False
95, 3.0, 0, 1, 6, 7200959, False
171, 4.2, 0, 1, 10, 12182983, False
165, 3.0, 0, 1, 6, 8300108, False
80, 3.2, 0, 1, 7, 8075213, False
69, 3.0, 0, 0, 6, 7304674, False
122, 3.2, 0, 1, 7, 7900322, False
68, 3.0, 0, 1, 6, 7374915, False
158, 5.0, 0, 2, 14, 57943399, False
177, 3.8, 0, 1, 9, 8230597, False
83, 3.2, 0, 1, 7, 8587846, False
69, 3.2, 0, 1, 7, 7485342, False
73, 3.0, 0, 0, 6, 7566675, False
80, 3.6, 0, 1, 8, 7236743, False
82, 3.2, 0, 1, 7, 8156602, False
66, 3.6, 0, 1, 8, 8109281, False
57, 3.8, 0, 1, 9, 7358748, False
82, 3.2, 0, 1, 7, 8311949, False
63, 3.4, 0, 1, 8, 8132505, False
92, 3.2, 0, 1, 7, 7667318, False
69, 3.2, 0, 1, 7, 8292750, False
86, 3.2, 0, 1, 7, 7765181, False
74, 3.4, 0, 1, 8, 7425627, False
141, 3.0, 0, 1, 6, 8766939, False
77, 3.2, 0, 1, 7, 7630725, False
195, 4.0, 0, 1, 10, 9900039, False
75, 3.4, 0, 1, 8, 8737134, False
71, 3.2, 0, 1, 7, 7200098, False
185, 3.6, 0, 1, 8, 7628460, False
105, 3.2, 0, 1, 7, 7620287, False
77, 3.6, 0, 1, 8, 8137446, False
83, 3.4, 0, 1, 8, 7544747, False
73, 3.4, 0, 1, 8, 9178857, False
58, 3.2, 0, 1, 7, 7771123, False
59, 3.2, 0, 1, 7, 7603548, False
57, 3.8, 0, 1, 9, 7785569, False
67, 3.2, 0, 1, 7, 7637990, False
157, 3.8, 0, 1, 9, 9264432, False
92, 3.8, 0, 1, 9, 8096266, False
81, 3.0, 0, 0, 6, 7613864, False
91, 3.2, 0, 1, 7, 7605272, False
173, 4.4, 0, 1, 11, 8323596, False
94, 2.8, 0, 1, 5, 6866160, False
98, 3.2, 0, 1, 7, 7306852, False
188, 3.4, 0, 1, 8, 8065077, False
94, 3.2, 0, 1, 7, 8743357, False
167, 5.0, 0, 2, 13, 44069742, False
185, 2.6, 0, 1, 6, 6264353, False
92, 3.8, 0, 1, 9, 8520808, False
203, 2.8, 0, 1, 7, 5257127, False
60, 2.8, 0, 1, 5, 7145807, False
83, 3.4, 0, 1, 8, 7271377, False
108, 4.2, 0, 1, 10, 12860083, False
55, 3.2, 0, 1, 7, 8916208, False
100, 3.2, 0, 1, 7, 7522717, False
66, 3.4, 0, 1, 8, 7761839, False
94, 4.2, 0, 1, 11, 8582064, False
63, 3.0, 0, 1, 6, 7311320, False
96, 4.4, 0, 1, 11, 12633680, False
91, 3.2, 0, 1, 7, 7504298, False
85, 3.2, 0, 1, 7, 7958984, False
80, 3.2, 0, 1, 7, 7635709, False
198, 7.4, 0, 2, 17, 107739708, False
72, 3.4, 0, 1, 8, 7573044, False
168, 4.6, 0, 1, 12, 8377608, False
85, 3.0, 0, 1, 6, 7800780, False
74, 3.2, 0, 0, 7, 7555952, False
82, 3.6, 0, 1, 8, 7702952, False
87, 3.2, 0, 1, 7, 7674249, False
105, 3.8, 0, 1, 9, 8750625, False
83, 4.2, 0, 1, 10, 8666507, False
95, 3.8, 0, 1, 9, 8285550, False
81, 3.8, 0, 1, 9, 7971517, False
84, 3.2, 0, 1, 7, 7088229, False
72, 3.2, 0, 1, 7, 7120179, False
92, 3.4, 0, 1, 8, 7524773, False
78, 3.0, 0, 1, 6, 7485938, False
89, 3.4, 0, 1, 8, 8511635, False
81, 3.8, 0, 1, 10, 7702488, False
78, 3.2, 0, 0, 7, 7856376, False
81, 4.2, 0, 1, 10, 8889386, False
67, 3.2, 0, 1, 7, 7511391, False
85, 3.4, 0, 1, 8, 7420511, False
181, 3.6, 0, 1, 8, 8901727, False
202, 3.4, 0, 1, 8, 7726743, False
78, 3.2, 0, 1, 7, 7410807, False
185, 3.2, 0, 1, 7, 6790238, False
88, 3.0, 0, 1, 6, 8180066, False
75, 3.2, 0, 0, 7, 7777823, False
59, 3.4, 0, 1, 8, 8795844, False
74, 3.0, 0, 1, 6, 7501885, False
77, 3.8, 0, 1, 9, 7710536, False
160, 3.4, 0, 1, 8, 9442272, False
169, 5.4, 0, 1, 15, 16239799, False
101, 3.2, 0, 1, 7, 8212803, False
90, 3.4, 0, 1, 8, 7483398, False
64, 3.0, 0, 1, 6, 8676142, False
175, 3.8, 0, 1, 9, 8170369, False
90, 3.6, 0, 1, 8, 7577498, False
83, 3.4, 0, 1, 8, 8049332, False
73, 3.4, 0, 1, 8, 7502641, False
194, 3.4, 0, 1, 8, 7700409, False
82, 3.2, 0, 1, 7, 7561940, False
61, 3.2, 0, 1, 7, 7972571, False
74, 3.2, 0, 1, 7, 7730526, False
185, 5.4, 0, 5, 13, 22037354, False
167, 5.8, 0, 4, 14, 21410723, False
67, 3.8, 0, 1, 9, 7734341, False
96, 3.4, 0, 1, 8, 7711514, False
47, 3.6, 0, 1, 8, 7338024, False
68, 3.6, 0, 1, 9, 7247745, False
71, 3.4, 0, 1, 8, 7455452, False
57, 3.6, 0, 1, 8, 7792337, False
92, 3.6, 0, 1, 9, 13622884, False
62, 3.4, 0, 1, 7, 7508225, False
91, 4.2, 0, 1, 10, 12776639, False
89, 3.4, 0, 1, 8, 7852380, False
163, 4.6, 0, 2, 10, 13209831, False
71, 4.6, 0, 2, 12, 7663223, False
88, 2.8, 0, 1, 5, 7835449, False
167, 3.4, 0, 1, 8, 8201628, False
167, 3.4, 0, 1, 8, 8247864, False
82, 3.2, 0, 1, 7, 7765963, False
70, 3.0, 0, 1, 6, 7841550, False
68, 3.2, 0, 1, 7, 7793078, False
73, 4.2, 0, 1, 10, 9048518, False
70, 3.2, 0, 0, 7, 7081313, False
173, 3.4, 0, 1, 8, 8055600, False
132, 11.0, 53, 2, 23, 10228385, False
166, 3.0, 0, 1, 6, 8005659, False
62, 3.8, 0, 1, 9, 7736833, False
59, 4.0, 0, 1, 9, 7586030, False
80, 3.4, 0, 1, 8, 7643601, False
72, 3.8, 0, 1, 8, 12470603, False
66, 3.2, 0, 1, 7, 8854012, False
92, 3.2, 0, 1, 7, 7621073, False
166, 3.8, 0, 1, 9, 9257270, False
102, 3.6, 0, 1, 8, 7572139, False
92, 3.6, 0, 1, 8, 7691141, False
74, 3.6, 0, 1, 9, 13342440, False
171, 3.4, 0, 1, 8, 9417622, False
178, 4.2, 0, 2, 9, 15171985, False
79, 3.4, 0, 1, 8, 6857765, False
182, 3.8, 0, 1, 10, 9281371, False
68, 3.4, 0, 1, 8, 6879915, False
79, 3.2, 0, 1, 7, 7538451, False
93, 3.2, 0, 1, 7, 7692866, False
74, 3.2, 0, 1, 7, 7274712, False
78, 2.8, 0, 1, 5, 7799621, False
81, 3.0, 0, 1, 6, 8594350, False
132, 8.2, 56, 2, 14, 7795707, False
167, 3.6, 0, 1, 9, 8665383, False
68, 3.2, 0, 1, 7, 8263626, False
42, 3.4, 0, 1, 8, 7110571, False
110, 3.6, 0, 1, 8, 7855312, False
188, 4.2, 0, 1, 10, 12473672, False
80, 3.4, 0, 1, 8, 8997480, False
166, 4.6, 0, 1, 10, 8749223, False
66, 3.0, 0, 0, 6, 7282976, False
194, 2.4, 0, 1, 5, 5184622, False
69, 3.6, 0, 1, 8, 7882072, False
92, 4.2, 0, 1, 10, 8261670, False
80, 3.2, 0, 1, 7, 7277692, False
215, 4.2, 0, 1, 10, 6214167, False
189, 2.6, 0, 1, 5, 5251566, False
76, 3.8, 0, 1, 9, 8610480, False
189, 3.0, 0, 1, 6, 7604789, False
71, 3.2, 0, 1, 7, 7522673, False
48, 3.0, 0, 0, 6, 7608439, False
77, 3.0, 0, 1, 6, 8711060, False
161, 3.2, 0, 1, 7, 7767900, False
191, 2.6, 0, 1, 6, 4811484, False
92, 3.6, 0, 1, 9, 13226793, False
60, 3.6, 0, 0, 8, 7438265, False
101, 3.0, 0, 1, 6, 7798107, False
71, 3.2, 0, 1, 7, 7336223, False
163, 3.2, 0, 1, 7, 8490698, False
90, 3.6, 0, 1, 8, 7962553, False
93, 3.0, 0, 1, 6, 8742242, False
48, 3.6, 0, 0, 8, 7788001, False
197, 3.0, 0, 1, 6, 5081316, False
102, 4.2, 0, 1, 9, 7744444, False
80, 3.2, 0, 0, 7, 7396025, False
75, 3.2, 0, 1, 7, 7574118, False
77, 3.6, 0, 1, 8, 7296895, False
123, 3.8, 0, 2, 9, 10317138, False
63, 3.2, 0, 1, 7, 6915352, False
76, 3.0, 0, 1, 6, 7537937, False
74, 3.0, 0, 1, 6, 7628568, False
83, 3.4, 0, 1, 8, 7532772, False
90, 3.6, 0, 1, 9, 7696801, False
148, 3.6, 0, 1, 8, 9952605, False
180, 3.2, 0, 1, 7, 8181558, False
81, 7.6, 0, 4, 18, 11023813, False
75, 3.0, 0, 1, 6, 7332925, False
87, 4.0, 0, 1, 9, 8580055, False
122, 4.4, 0, 125, 10, 16180973, False
97, 4.6, 0, 1, 12, 9229607, False
82, 3.6, 0, 1, 9, 8598591, False
86, 3.8, 0, 1, 9, 8559376, False
82, 3.2, 0, 1, 7, 7150025, False
77, 3.2, 0, 1, 7, 7747506, False
125, 3.6, 0, 2, 8, 17953989, False
63, 3.4, 0, 1, 8, 7445558, False
107, 3.2, 0, 1, 7, 7153061, False
86, 3.2, 0, 1, 7, 7623696, False
83, 3.4, 0, 1, 8, 13182411, False
88, 3.4, 0, 1, 7, 7821932, False
130, 3.6, 0, 1, 8, 13672552, False
60, 3.4, 0, 1, 8, 7786544, False
75, 3.2, 0, 1, 7, 7419913, False
89, 3.8, 0, 1, 9, 8515059, False
74, 3.2, 0, 1, 7, 7543313, False
61, 3.4, 0, 1, 8, 8263939, False
195, 2.4, 0, 1, 5, 5058382, False
81, 3.2, 0, 1, 7, 7718603, False
208, 3.2, 0, 1, 7, 4832868, False
69, 3.8, 0, 1, 9, 7453532, False
71, 3.0, 0, 1, 6, 8494365, False
176, 5.4, 0, 4, 13, 22569649, False
75, 2.8, 0, 1, 5, 8344216, False
108, 3.2, 0, 1, 7, 7795178, False
96, 3.8, 0, 1, 9, 8131399, False
86, 3.6, 0, 1, 8, 6921601, False
187, 3.6, 0, 1, 8, 7601761, False
97, 4.2, 0, 1, 10, 12754942, False
77, 3.0, 0, 1, 6, 6990125, False
123, 5.0, 0, 1, 12, 14493348, False
65, 3.6, 0, 1, 8, 7438208, False
70, 3.6, 0, 0, 8, 7686799, False
78, 3.2, 0, 1, 7, 7443418, False
92, 4.4, 0, 1, 11, 14256131, False
73, 2.8, 0, 0, 5, 7471029, False
60, 3.2, 0, 1, 7, 7857969, False
95, 3.0, 0, 1, 6, 14957998, False
98, 3.0, 0, 1, 6, 7452321, False
76, 3.4, 0, 1, 8, 7487161, False
62, 3.4, 0, 1, 7, 7622505, False
65, 3.2, 0, 1, 7, 8812601, False
87, 3.2, 0, 1, 7, 7443454, False
78, 3.8, 0, 1, 9, 8073436, False
62, 3.2, 0, 1, 7, 7791408, False
165, 3.8, 0, 1, 8, 8009961, False
82, 3.0, 0, 1, 6, 7803590, False
55, 3.2, 0, 0, 7, 7344350, False
63, 2.8, 0, 1, 5, 7525485, False
86, 3.4, 0, 1, 8, 6978748, False
84, 3.2, 0, 1, 7, 7614070, False
231, 6.2, 0, 3, 15, 44364134, False
90, 3.8, 0, 1, 9, 8088718, False
69, 4.2, 0, 1, 10, 8139020, False
83, 3.2, 0, 0, 7, 7651778, False
68, 3.2, 0, 1, 7, 7293933, False
89, 3.8, 0, 1, 9, 8521600, False
98, 3.8, 0, 1, 9, 8461586, False
110, 3.2, 0, 1, 7, 7671245, False
67, 2.8, 0, 1, 5, 7425924, False
69, 2.8, 0, 1, 5, 7509713, False
188, 3.6, 0, 1, 9, 7949663, False
94, 4.0, 0, 1, 9, 11353495, False
85, 3.6, 0, 1, 8, 7822624, False
176, 3.2, 0, 1, 7, 6418517, False
160, 4.4, 0, 2, 11, 61281684, False
55, 3.4, 0, 1, 8, 7575589, False
202, 3.2, 0, 1, 7, 8645645, False
176, 4.2, 0, 1, 10, 9177821, False
68, 3.6, 0, 1, 8, 7499466, False
93, 3.0, 0, 1, 6, 7436024, False
83, 3.6, 0, 1, 8, 7874333, False
91, 3.2, 0, 1, 7, 8096365, False
88, 3.2, 0, 0, 7, 7397940, False
223, 5.4, 0, 3, 14, 53723852, False
155, 4.2, 0, 2, 10, 34547340, False
70, 4.0, 0, 1, 9, 7613233, False
89, 4.2, 0, 1, 10, 13132954, False
150, 3.4, 0, 1, 8, 9604723, False
156, 3.6, 0, 1, 8, 8691037, False
91, 3.6, 0, 1, 9, 7165154, False
118, 3.2, 0, 1, 7, 8013790, False
123, 4.2, 0, 1, 10, 12108262, False
77, 3.2, 0, 1, 7, 7798142, False
64, 3.2, 0, 1, 7, 8430517, False
201, 3.2, 0, 1, 7, 5423387, False
101, 3.2, 0, 1, 7, 8858253, False
59, 2.8, 0, 0, 5, 7637357, False
56, 3.4, 0, 1, 8, 7670730, False
177, 4.0, 0, 2, 10, 9803368, False
164, 4.4, 0, 1, 10, 10083146, False
74, 3.2, 0, 1, 7, 7375478, False
67, 3.2, 0, 1, 6, 7107728, False
61, 3.2, 0, 1, 7, 7734419, False
81, 3.2, 0, 1, 7, 7605481, False
96, 4.0, 0, 1, 10, 7869137, False
51, 3.0, 0, 1, 6, 7878025, False
101, 3.0, 0, 1, 6, 7203821, False
61, 3.2, 0, 1, 7, 7548346, False
65, 3.8, 0, 1, 9, 7423713, False
67, 3.6, 0, 1, 8, 6956341, False
69, 3.0, 0, 1, 6, 8501676, False
64, 3.2, 0, 1, 7, 6887879, False
131, 4.2, 0, 1, 10, 33970705, False
68, 3.4, 0, 1, 8, 7485799, False
63, 3.2, 0, 1, 7, 7559807, False
55, 3.6, 0, 1, 8, 7223374, False
179, 5.6, 0, 2, 13, 9327144, False
98, 3.4, 0, 1, 8, 7488806, False
92, 3.0, 0, 1, 6, 7133147, False
86, 3.4, 0, 1, 8, 7342741, False
83, 3.2, 0, 1, 7, 7308830, False
169, 4.6, 0, 3, 11, 25460576, False
68, 3.6, 0, 1, 8, 7888724, False
65, 3.2, 0, 2, 7, 7678074, False
53, 3.2, 0, 1, 7, 7667583, False
96, 4.8, 0, 1, 13, 9101341, False
79, 3.6, 0, 1, 8, 7506119, False
73, 3.0, 0, 1, 6, 7252938, False
64, 3.4, 0, 1, 8, 9127182, False
81, 3.2, 0, 1, 7, 8257338, False
75, 3.8, 0, 1, 9, 7838211, False
68, 3.2, 0, 1, 7, 7120717, False
79, 3.2, 0, 1, 7, 8417112, False
170, 3.4, 0, 1, 8, 8130391, False
51, 3.4, 0, 1, 8, 7509232, False
70, 3.8, 0, 1, 9, 9377551, False
94, 3.2, 0, 1, 7, 8504383, False
191, 3.6, 0, 1, 9, 8051412, False
70, 4.4, 0, 1, 11, 7730873, False
84, 3.2, 0, 1, 7, 7648199, False
201, 3.4, 0, 1, 8, 5832001, False
177, 3.4, 0, 1, 8, 7841273, False
239, 3.2, 0, 1, 7, 5605436, False
72, 3.2, 0, 0, 7, 7324270, False
71, 3.2, 0, 1, 7, 7359397, False
84, 3.0, 0, 1, 6, 20587204, False
64, 3.2, 0, 1, 7, 8690450, False
182, 6.0, 42, 2, 11, 10548993, False
71, 3.2, 0, 0, 7, 7844474, False
74, 4.2, 0, 1, 10, 8535958, False
50, 3.2, 0, 0, 7, 7633596, False
232, 7.0, 0, 2, 16, 114764114, False
85, 4.2, 0, 1, 10, 7621801, False
106, 4.4, 0, 1, 11, 9105838, False
63, 3.6, 0, 1, 8, 7037946, False
99, 3.4, 0, 1, 8, 7441373, False
84, 3.0, 0, 1, 6, 7368132, False
190, 4.6, 0, 2, 12, 25525976, False
99, 3.8, 0, 1, 9, 8063480, False
60, 3.6, 0, 0, 8, 7710788, False
65, 3.4, 0, 1, 8, 7319536, False
85, 3.8, 0, 1, 9, 8460076, False
83, 3.4, 0, 1, 8, 8060810, False
85, 3.4, 0, 1, 8, 7405701, False
207, 3.8, 0, 1, 9, 8684514, False
57, 3.4, 0, 1, 8, 7481640, False
76, 3.0, 0, 0, 6, 7156749, False
104, 3.0, 0, 1, 6, 7460254, False
59, 3.2, 0, 1, 7, 7808515, False
76, 3.2, 0, 1, 7, 7819457, False
94, 3.0, 0, 1, 6, 8438518, False
80, 3.2, 0, 1, 7, 7385981, False
63, 3.4, 0, 1, 8, 8364127, False
52, 2.8, 0, 1, 5, 8347734, False
71, 3.6, 1, 1, 8, 7307163, False
71, 3.6, 0, 1, 8, 7789812, False
83, 3.2, 0, 1, 7, 7479364, False
80, 3.6, 0, 1, 8, 7607722, False
58, 3.2, 0, 1, 7, 7786034, False
161, 5.6, 0, 3, 13, 8539856, False
81, 3.2, 0, 1, 7, 7420572, False
91, 3.2, 0, 1, 7, 7501419, False
69, 3.2, 0, 1, 7, 8775057, False
82, 3.4, 0, 1, 8, 7725392, False
83, 3.6, 0, 1, 8, 7186522, False
76, 3.0, 0, 1, 6, 10547761, False
65, 3.8, 0, 1, 10, 7679760, False
107, 3.0, 0, 1, 6, 7107861, False
63, 4.0, 0, 1, 9, 8067077, False
62, 2.8, 0, 1, 5, 7470803, False
102, 3.2, 0, 1, 7, 8042314, False
81, 3.0, 0, 1, 6, 7689487, False
104, 4.2, 0, 1, 10, 8789979, False
83, 5.2, 0, 1, 13, 13599711, False
67, 3.4, 0, 1, 8, 9751042, False
68, 2.8, 0, 1, 5, 7222686, False
89, 3.4, 0, 1, 8, 7700688, False
64, 2.8, 0, 1, 5, 7870952, False
59, 3.4, 0, 1, 8, 7416634, False
68, 3.2, 0, 0, 7, 7391236, False
66, 2.8, 0, 0, 5, 7173982, False
158, 3.6, 0, 1, 9, 8044338, False
114, 4.2, 0, 1, 11, 8570951, False
167, 4.0, 0, 1, 10, 8485273, False
169, 3.4, 0, 1, 8, 20212446, False
84, 3.2, 0, 1, 7, 7367168, False
73, 3.6, 0, 1, 8, 7383545, False
78, 3.6, 0, 1, 8, 8253552, False
62, 3.4, 0, 1, 8, 7495148, False
176, 3.2, 0, 2, 7, 9011524, False
64, 3.2, 0, 1, 7, 7556785, False
168, 5.6, 0, 3, 13, 9799555, False
82, 3.6, 0, 0, 8, 8192309, False
79, 3.6, 0, 1, 8, 7266959, False
61, 3.2, 0, 1, 7, 7236529, False
79, 3.4, 0, 1, 8, 7702804, False
201, 3.2, 0, 1, 7, 14271775, False
77, 3.2, 0, 1, 7, 7819911, False
91, 3.6, 0, 1, 8, 7874300, False
89, 3.2, 0, 1, 7, 7458335, False
75, 3.0, 0, 1, 6, 7275873, False
89, 3.6, 0, 1, 9, 13316730, False
172, 5.0, 0, 1, 13, 15504944, False
85, 4.4, 0, 1, 11, 14505039, False
75, 3.6, 0, 1, 8, 7422877, False
148, 3.4, 0, 1, 8, 11401326, False
64, 3.4, 0, 1, 8, 7167995, False
84, 3.0, 0, 0, 6, 8274080, False
69, 3.0, 0, 1, 6, 7234465, False
55, 3.2, 0, 1, 7, 8837725, False
60, 3.2, 0, 1, 7, 7359941, False
115, 3.4, 0, 1, 8, 7827107, False
83, 3.6, 0, 1, 8, 7679712, False
75, 2.8, 0, 1, 5, 6764624, False
83, 3.4, 0, 1, 7, 7603018, False
88, 3.0, 0, 1, 6, 7531911, False
166, 2.8, 0, 1, 7, 6186051, False
102, 3.4, 0, 1, 8, 7672600, False
84, 3.6, 0, 2, 8, 8944642, False
87, 3.2, 0, 1, 7, 7534327, False
177, 3.6, 0, 1, 8, 8472846, False
109, 4.6, 0, 1, 10, 14102463, False
62, 3.2, 0, 1, 7, 7367787, False
78, 3.2, 0, 1, 7, 7950417, False
71, 3.4, 0, 1, 7, 8966641, False
48, 3.4, 0, 1, 8, 8656227, False
177, 3.4, 0, 1, 8, 7855676, False
84, 3.0, 0, 1, 6, 7789483, False
110, 3.2, 0, 0, 7, 7416460, False
94, 3.0, 0, 2, 6, 14373015, False
77, 3.2, 0, 0, 7, 8230523, False
172, 3.8, 0, 1, 9, 8331151, False
62, 3.2, 0, 1, 7, 8283427, False
180, 3.4, 0, 1, 8, 8566239, False
69, 3.2, 0, 1, 7, 7347022, False
81, 4.2, 0, 1, 10, 8566256, False
174, 3.8, 0, 1, 9, 8601070, False
82, 3.2, 0, 1, 7, 7212379, False
85, 3.8, 0, 1, 10, 7740105, False
67, 3.0, 0, 1, 6, 7414088, False
70, 3.6, 0, 1, 8, 7943856, False
94, 4.2, 0, 1, 8, 6900829, False
87, 4.8, 0, 1, 13, 8855073, False
163, 4.8, 0, 2, 12, 61370867, False
70, 3.6, 0, 1, 8, 7150452, False
100, 3.4, 0, 1, 7, 8097524, False
98, 4.0, 0, 1, 9, 7771977, False
87, 3.0, 0, 1, 6, 7483401, False
75, 3.0, 0, 1, 6, 7612368, False
85, 3.0, 0, 1, 6, 8137235, False
76, 3.2, 0, 0, 7, 7262166, False
190, 3.8, 0, 1, 9, 65693177, False
71, 3.6, 0, 1, 8, 7093986, False
71, 3.4, 0, 1, 8, 7822555, False
87, 3.2, 0, 1, 7, 7637393, False
119, 3.8, 0, 1, 9, 8608149, False
62, 3.6, 0, 1, 8, 7073754, False
59, 3.8, 0, 1, 9, 8205709, False
112, 3.4, 0, 1, 8, 8604638, False
85, 3.2, 0, 1, 7, 7439811, False
65, 3.4, 0, 1, 8, 7260512, False
66, 3.2, 0, 1, 7, 7426719, False
92, 3.4, 0, 1, 8, 8417551, False
79, 3.6, 0, 1, 8, 7522787, False
66, 3.8, 0, 1, 9, 8396379, False
82, 3.2, 0, 1, 7, 7362229, False
106, 5.2, 0, 2, 14, 14245350, False
80, 3.0, 0, 1, 6, 7804716, False
113, 3.2, 0, 1, 7, 8416567, False
192, 3.4, 0, 1, 8, 9012745, False
92, 3.2, 0, 1, 7, 7425019, False
99, 3.2, 0, 1, 7, 7082439, False
79, 3.4, 0, 1, 8, 7328137, False
79, 2.8, 0, 0, 5, 7442071, False
73, 3.2, 0, 1, 7, 7798616, False
56, 3.4, 0, 1, 8, 7002717, False
97, 4.0, 0, 1, 9, 7884275, False
93, 3.2, 0, 0, 7, 7877716, False
90, 3.8, 0, 1, 9, 8433335, False
82, 3.2, 0, 1, 7, 7396362, False
87, 5.2, 49, 1, 10, 7387785, True
165, 7.6, 51, 1, 14, 9418981, True
184, 6.0, 46, 1, 11, 23844904, True
239, 16.4, 49, 2, 32, 57498287, True
110, 11.0, 53, 2, 23, 9943559, True
224, 6.4, 50, 1, 13, 9345873, True
193, 12.8, 55, 3, 25, 352331146, True
228, 8.4, 51, 3, 16, 17005928, True
224, 18.0, 50, 2, 35, 69840415, True
231, 10.0, 47, 4, 19, 23105128, True
144, 6.8, 50, 2, 13, 13472016, True
220, 6.4, 53, 1, 12, 72091722, True
217, 4.2, 2, 1, 9, 29109942, True
159, 5.8, 40, 1, 10, 13782766, True
230, 5.2, 57, 1, 10, 131387164, True
152, 7.4, 37, 1, 16, 11938869, True
119, 4.8, 4, 2, 10, 14755213, True
189, 14.0, 57, 2, 26, 61566762, True
141, 5.6, 56, 1, 11, 8679147, True
123, 8.8, 49, 2, 17, 8353476, True
194, 6.4, 46, 1, 12, 17731901, True
184, 10.6, 33, 5, 22, 40023593, True
217, 15.4, 51, 2, 30, 37628966, True
267, 8.0, 54, 4, 17, 9623485, True
209, 4.6, 53, 1, 8, 591716393, True
235, 5.0, 51, 1, 9, 8154509, True
240, 9.8, 54, 2, 18, 8468035, True
190, 10.2, 24, 6, 25, 48959150, True
203, 8.8, 57, 1, 18, 13262913, True
171, 4.0, 48, 1, 6, 7739688, True
192, 15.4, 51, 2, 30, 37268177, True
206, 16.4, 48, 2, 32, 59745517, True
185, 13.2, 52, 4, 27, 25882482, True
115, 9.6, 61, 2, 19, 9498913, True
104, 6.0, 54, 3, 12, 10806330, True
191, 6.0, 49, 1, 11, 23663587, True
181, 13.0, 64, 12, 28, 36582103, True
203, 9.4, 2, 5, 21, 63281830, True
296, 10.8, 48, 2, 20, 151087177, True
109, 7.4, 37, 1, 16, 12286539, True
212, 6.6, 35, 1, 13, 21087937, True
211, 12.0, 50, 2, 23, 33531278, True
140, 9.4, 53, 1, 19, 8450913, True
183, 6.2, 23, 2, 14, 22107075, True
250, 7.6, 51, 1, 14, 9420308, True
114, 8.8, 53, 1, 17, 14708315, True
114, 5.2, 11, 1, 12, 13079518, True
210, 17.0, 44, 3, 33, 13299297, True
233, 5.0, 1, 26, 12, 61893824, True
212, 5.2, 55, 1, 9, 494891659, True
122, 11.8, 53, 2, 23, 10648524, True
236, 9.0, 45, 2, 18, 23194248, True
182, 6.6, 49, 1, 12, 11060704, True
152, 7.6, 51, 1, 14, 9849519, True
216, 13.6, 54, 6, 27, 9379245, True
168, 15.4, 54, 2, 31, 41754858, True
188, 7.6, 51, 1, 14, 9224343, True
153, 8.6, 57, 1, 18, 12184523, True
88, 4.0, 54, 1, 6, 7635410, True
250, 5.0, 1, 34, 12, 73738404, True
95, 4.6, 55, 1, 8, 7598829, True
100, 14.2, 54, 4, 29, 15805137, True
82, 5.6, 46, 1, 10, 7367624, True
235, 5.0, 47, 1, 9, 9022150, True
189, 8.4, 55, 7, 17, 78094710, True
114, 5.2, 49, 1, 11, 7505280, True
234, 12.8, 52, 4, 26, 22344206, True
165, 11.6, 53, 3, 21, 14559918, True
54, 9.8, 50, 4, 20, 8184108, True
120, 5.2, 58, 1, 10, 7581146, True
191, 17.6, 51, 2, 34, 46202824, True
109, 8.2, 52, 2, 14, 7705576, True
240, 9.6, 45, 1, 17, 7851648, True
189, 5.4, 37, 1, 11, 32307594, True
202, 16.6, 56, 2, 32, 38158455, True
209, 11.6, 53, 3, 21, 14492651, True
174, 17.6, 49, 2, 34, 46260246, True
120, 7.2, 55, 1, 16, 9038206, True
69, 4.6, 55, 1, 8, 7381755, True
93, 8.8, 52, 1, 17, 14693932, True
424, 10.6, 55, 1, 22, 15612420, True
184, 9.0, 59, 2, 17, 20890923, True
113, 11.0, 53, 2, 23, 10386216, True
185, 10.2, 7, 10, 23, 60253969, True
226, 16.6, 56, 2, 32, 37669479, True
46, 5.2, 50, 1, 10, 7823626, True
185, 8.0, 52, 2, 14, 9908986, True
240, 7.8, 37, 5, 18, 60122804, True
199, 5.0, 1, 2, 12, 14304147, True
154, 6.6, 7, 3, 15, 22594157, True
177, 14.2, 55, 2, 28, 54352327, True
130, 5.6, 46, 1, 10, 7833868, True
147, 5.0, 51, 1, 9, 10963186, True
213, 9.8, 52, 2, 19, 47431312, True
209, 8.8, 56, 107, 18, 57150813, True
75, 8.0, 52, 2, 16, 8048423, True
124, 10.4, 55, 2, 21, 9720142, True
92, 4.6, 55, 1, 8, 7916016, True
68, 5.2, 52, 1, 9, 7652329, True
354, 6.0, 62, 1, 10, 8403992, True
111, 6.0, 52, 3, 12, 11158348, True
185, 12.8, 59, 1, 25, 22628489, True
160, 14.0, 46, 1, 28, 26407626, True
180, 10.0, 57, 1, 19, 8391377, True
183, 7.6, 51, 1, 14, 9269463, True
172, 7.8, 31, 2, 17, 107906421, True
133, 6.0, 54, 3, 12, 9530563, True
171, 14.2, 49, 2, 28, 54830080, True
88, 11.0, 55, 2, 20, 8988424, True
155, 8.2, 52, 2, 14, 7597592, True
88, 5.6, 56, 1, 11, 7727024, True
121, 8.8, 50, 2, 16, 44033954, True
206, 7.6, 51, 1, 14, 9608241, True
191, 4.0, 4, 1, 9, 12557697, True
257, 15.4, 54, 2, 30, 41828655, True
230, 5.0, 48, 1, 10, 8164018, True
190, 10.8, 35, 4, 24, 60703110, True
156, 8.4, 56, 2, 16, 9595037, True
125, 8.2, 56, 2, 14, 7826791, True
196, 12.8, 52, 23, 26, 116991188, True
181, 12.6, 55, 2, 26, 10627714, True
207, 9.2, 50, 4, 19, 8312139, True
134, 11.0, 53, 2, 23, 9916352, True
171, 9.0, 53, 2, 18, 25250715, True
233, 5.0, 52, 1, 8, 513066308, True
200, 16.4, 55, 2, 32, 56894629, True
130, 9.2, 50, 4, 19, 8449186, True
178, 16.4, 52, 2, 32, 88637299, True
191, 5.4, 51, 1, 11, 12325358, True
225, 17.2, 52, 2, 33, 37062135, True
123, 5.6, 51, 1, 12, 8136841, True
118, 5.4, 60, 1, 10, 7507820, True
169, 5.0, 1, 2, 12, 14156791, True
150, 4.2, 42, 1, 7, 7609295, True
119, 8.8, 49, 1, 18, 8808510, True
82, 10.6, 55, 2, 20, 8365112, True
95, 4.8, 44, 1, 8, 7541222, True
142, 5.2, 52, 1, 9, 7738990, True
109, 8.2, 53, 2, 14, 7539848, True
209, 11.2, 61, 1, 22, 73760541, True
206, 10.2, 7, 10, 23, 64823936, True
188, 3.8, 6, 2, 8, 34315248, True
267, 8.2, 48, 5, 17, 19237765, True
241, 11.8, 54, 3, 23, 80041472, True
202, 9.6, 59, 2, 18, 20408085, True
205, 8.6, 46, 6, 20, 53074043, True
188, 10.4, 50, 2, 21, 45517253, True
182, 5.2, 57, 2, 9, 10647090, True
179, 4.6, 45, 1, 8, 23457764, True
175, 6.0, 36, 3, 13, 14104620, True
190, 8.8, 54, 1, 18, 12324750, True
214, 10.4, 53, 2, 19, 12023253, True
202, 17.6, 55, 2, 34, 46367162, True
200, 9.8, 51, 3, 22, 817005997, True
182, 9.6, 7, 10, 22, 66986210, True
182, 6.0, 57, 2, 12, 12508549, True
187, 11.2, 56, 1, 21, 25942925, True
87, 5.2, 49, 1, 10, 7387785, True
165, 7.6, 51, 1, 14, 9418981, True
184, 6.0, 46, 1, 11, 23844904, True
239, 16.4, 49, 2, 32, 57498287, True
110, 11.0, 53, 2, 23, 9943559, True
224, 6.4, 50, 1, 13, 9345873, True
193, 12.8, 55, 3, 25, 352331146, True
228, 8.4, 51, 3, 16, 17005928, True
224, 18.0, 50, 2, 35, 69840415, True
231, 10.0, 47, 4, 19, 23105128, True
144, 6.8, 50, 2, 13, 13472016, True
220, 6.4, 53, 1, 12, 72091722, True
217, 4.2, 2, 1, 9, 29109942, True
159, 5.8, 40, 1, 10, 13782766, True
230, 5.2, 57, 1, 10, 131387164, True
152, 7.4, 37, 1, 16, 11938869, True
119, 4.8, 4, 2, 10, 14755213, True
189, 14.0, 57, 2, 26, 61566762, True
141, 5.6, 56, 1, 11, 8679147, True
123, 8.8, 49, 2, 17, 8353476, True
194, 6.4, 46, 1, 12, 17731901, True
184, 10.6, 33, 5, 22, 40023593, True
217, 15.4, 51, 2, 30, 37628966, True
267, 8.0, 54, 4, 17, 9623485, True
209, 4.6, 53, 1, 8, 591716393, True
235, 5.0, 51, 1, 9, 8154509, True
240, 9.8, 54, 2, 18, 8468035, True
190, 10.2, 24, 6, 25, 48959150, True
203, 8.8, 57, 1, 18, 13262913, True
171, 4.0, 48, 1, 6, 7739688, True
192, 15.4, 51, 2, 30, 37268177, True
206, 16.4, 48, 2, 32, 59745517, True
185, 13.2, 52, 4, 27, 25882482, True
115, 9.6, 61, 2, 19, 9498913, True
104, 6.0, 54, 3, 12, 10806330, True
191, 6.0, 49, 1, 11, 23663587, True
181, 13.0, 64, 12, 28, 36582103, True
203, 9.4, 2, 5, 21, 63281830, True
296, 10.8, 48, 2, 20, 151087177, True
109, 7.4, 37, 1, 16, 12286539, True
212, 6.6, 35, 1, 13, 21087937, True
211, 12.0, 50, 2, 23, 33531278, True
140, 9.4, 53, 1, 19, 8450913, True
183, 6.2, 23, 2, 14, 22107075, True
250, 7.6, 51, 1, 14, 9420308, True
114, 8.8, 53, 1, 17, 14708315, True
114, 5.2, 11, 1, 12, 13079518, True
210, 17.0, 44, 3, 33, 13299297, True
233, 5.0, 1, 26, 12, 61893824, True
212, 5.2, 55, 1, 9, 494891659, True
122, 11.8, 53, 2, 23, 10648524, True
236, 9.0, 45, 2, 18, 23194248, True
182, 6.6, 49, 1, 12, 11060704, True
152, 7.6, 51, 1, 14, 9849519, True
216, 13.6, 54, 6, 27, 9379245, True
168, 15.4, 54, 2, 31, 41754858, True
188, 7.6, 51, 1, 14, 9224343, True
153, 8.6, 57, 1, 18, 12184523, True
88, 4.0, 54, 1, 6, 7635410, True
250, 5.0, 1, 34, 12, 73738404, True
95, 4.6, 55, 1, 8, 7598829, True
100, 14.2, 54, 4, 29, 15805137, True
82, 5.6, 46, 1, 10, 7367624, True
235, 5.0, 47, 1, 9, 9022150, True
189, 8.4, 55, 7, 17, 78094710, True
114, 5.2, 49, 1, 11, 7505280, True
234, 12.8, 52, 4, 26, 22344206, True
165, 11.6, 53, 3, 21, 14559918, True
54, 9.8, 50, 4, 20, 8184108, True
120, 5.2, 58, 1, 10, 7581146, True
191, 17.6, 51, 2, 34, 46202824, True
109, 8.2, 52, 2, 14, 7705576, True
240, 9.6, 45, 1, 17, 7851648, True
189, 5.4, 37, 1, 11, 32307594, True
202, 16.6, 56, 2, 32, 38158455, True
209, 11.6, 53, 3, 21, 14492651, True
174, 17.6, 49, 2, 34, 46260246, True
120, 7.2, 55, 1, 16, 9038206, True
69, 4.6, 55, 1, 8, 7381755, True
93, 8.8, 52, 1, 17, 14693932, True
424, 10.6, 55, 1, 22, 15612420, True
184, 9.0, 59, 2, 17, 20890923, True
113, 11.0, 53, 2, 23, 10386216, True
185, 10.2, 7, 10, 23, 60253969, True
226, 16.6, 56, 2, 32, 37669479, True
46, 5.2, 50, 1, 10, 7823626, True
185, 8.0, 52, 2, 14, 9908986, True
240, 7.8, 37, 5, 18, 60122804, True
199, 5.0, 1, 2, 12, 14304147, True
154, 6.6, 7, 3, 15, 22594157, True
177, 14.2, 55, 2, 28, 54352327, True
130, 5.6, 46, 1, 10, 7833868, True
147, 5.0, 51, 1, 9, 10963186, True
213, 9.8, 52, 2, 19, 47431312, True
209, 8.8, 56, 107, 18, 57150813, True
75, 8.0, 52, 2, 16, 8048423, True
124, 10.4, 55, 2, 21, 9720142, True
92, 4.6, 55, 1, 8, 7916016, True
68, 5.2, 52, 1, 9, 7652329, True
354, 6.0, 62, 1, 10, 8403992, True
111, 6.0, 52, 3, 12, 11158348, True
185, 12.8, 59, 1, 25, 22628489, True
160, 14.0, 46, 1, 28, 26407626, True
180, 10.0, 57, 1, 19, 8391377, True
183, 7.6, 51, 1, 14, 9269463, True
172, 7.8, 31, 2, 17, 107906421, True
133, 6.0, 54, 3, 12, 9530563, True
171, 14.2, 49, 2, 28, 54830080, True
88, 11.0, 55, 2, 20, 8988424, True
155, 8.2, 52, 2, 14, 7597592, True
88, 5.6, 56, 1, 11, 7727024, True
121, 8.8, 50, 2, 16, 44033954, True
206, 7.6, 51, 1, 14, 9608241, True
191, 4.0, 4, 1, 9, 12557697, True
257, 15.4, 54, 2, 30, 41828655, True
230, 5.0, 48, 1, 10, 8164018, True
190, 10.8, 35, 4, 24, 60703110, True
156, 8.4, 56, 2, 16, 9595037, True
125, 8.2, 56, 2, 14, 7826791, True
196, 12.8, 52, 23, 26, 116991188, True
181, 12.6, 55, 2, 26, 10627714, True
207, 9.2, 50, 4, 19, 8312139, True
134, 11.0, 53, 2, 23, 9916352, True
171, 9.0, 53, 2, 18, 25250715, True
233, 5.0, 52, 1, 8, 513066308, True
200, 16.4, 55, 2, 32, 56894629, True
130, 9.2, 50, 4, 19, 8449186, True
178, 16.4, 52, 2, 32, 88637299, True
191, 5.4, 51, 1, 11, 12325358, True
225, 17.2, 52, 2, 33, 37062135, True
123, 5.6, 51, 1, 12, 8136841, True
118, 5.4, 60, 1, 10, 7507820, True
169, 5.0, 1, 2, 12, 14156791, True
150, 4.2, 42, 1, 7, 7609295, True
119, 8.8, 49, 1, 18, 8808510, True
82, 10.6, 55, 2, 20, 8365112, True
95, 4.8, 44, 1, 8, 7541222, True
142, 5.2, 52, 1, 9, 7738990, True
109, 8.2, 53, 2, 14, 7539848, True
209, 11.2, 61, 1, 22, 73760541, True
206, 10.2, 7, 10, 23, 64823936, True
188, 3.8, 6, 2, 8, 34315248, True
267, 8.2, 48, 5, 17, 19237765, True
241, 11.8, 54, 3, 23, 80041472, True
202, 9.6, 59, 2, 18, 20408085, True
205, 8.6, 46, 6, 20, 53074043, True
188, 10.4, 50, 2, 21, 45517253, True
182, 5.2, 57, 2, 9, 10647090, True
179, 4.6, 45, 1, 8, 23457764, True
175, 6.0, 36, 3, 13, 14104620, True
190, 8.8, 54, 1, 18, 12324750, True
214, 10.4, 53, 2, 19, 12023253, True
202, 17.6, 55, 2, 34, 46367162, True
200, 9.8, 51, 3, 22, 817005997, True
182, 9.6, 7, 10, 22, 66986210, True
182, 6.0, 57, 2, 12, 12508549, True
187, 11.2, 56, 1, 21, 25942925, True
229, 5.0, 56, 1, 9, 1070833025, True
139, 6.0, 46, 1, 12, 8177212, True
122, 5.0, 54, 1, 9, 18361552, True
190, 17.6, 52, 2, 34, 57812081, True
229, 5.0, 58, 1, 9, 164808637, True
200, 7.6, 51, 1, 14, 9383737, True
128, 10.4, 59, 2, 21, 9800846, True
165, 13.8, 59, 5, 26, 11975649, True
180, 8.8, 56, 3, 18, 13368451, True
118, 5.6, 56, 3, 11, 10121600, True
199, 5.0, 54, 1, 9, 18429584, True
164, 16.6, 50, 2, 32, 38187319, True
176, 6.6, 35, 1, 13, 21015390, True
193, 7.6, 51, 1, 14, 9644204, True
176, 6.0, 62, 1, 10, 8441208, True
282, 6.0, 45, 1, 11, 23282012, True
71, 5.0, 44, 1, 9, 7694971, True
191, 4.0, 51, 1, 6, 7572642, True
176, 5.4, 54, 1, 11, 14496734, True
222, 10.2, 35, 4, 24, 42597969, True
200, 9.6, 59, 2, 18, 20139531, True
176, 14.2, 50, 2, 28, 55308593, True
211, 6.0, 50, 1, 12, 9953820, True
177, 14.4, 48, 3, 28, 50965319, True
197, 5.4, 51, 1, 11, 9965882, True
241, 7.8, 8, 4, 18, 33289399, True
171, 10.0, 57, 1, 19, 8481459, True
212, 16.6, 52, 2, 32, 37783119, True
141, 11.0, 53, 2, 23, 10240708, True
123, 11.0, 53, 2, 23, 9948997, True
184, 12.8, 52, 4, 26, 25717434, True
305, 17.6, 52, 2, 34, 57206671, True
221, 5.6, 49, 1, 11, 173963341, True
71, 9.4, 53, 1, 19, 8294625, True
196, 13.2, 52, 4, 27, 18884487, True
185, 10.6, 44, 4, 20, 31891415, True
183, 4.8, 60, 1, 9, 7525637, True
192, 5.0, 54, 1, 9, 18163231, True
165, 12.4, 45, 2, 23, 9654409, True
206, 18.0, 50, 2, 35, 93040989, True
92, 14.2, 55, 3, 29, 11239824, True
182, 14.4, 48, 2, 28, 41878933, True
138, 5.2, 52, 1, 9, 7709467, True
181, 9.0, 47, 2, 18, 23648044, True
339, 5.0, 47, 1, 9, 7946828, True
97, 6.0, 50, 1, 13, 11035467, True
101, 5.8, 47, 2, 11, 7868289, True
92, 7.4, 37, 1, 16, 12465876, True
108, 5.6, 46, 1, 10, 7502060, True
183, 17.6, 45, 2, 34, 60539672, True
199, 6.4, 50, 1, 14, 23814720, True
109, 4.2, 53, 1, 7, 8212158, True
69, 4.6, 55, 1, 8, 7975592, True
113, 4.4, 49, 1, 8, 7850938, True
155, 6.8, 46, 4, 14, 27418298, True
175, 12.2, 58, 1, 24, 25425188, True
282, 5.8, 56, 1, 11, 57828943, True
228, 9.8, 48, 2, 17, 10165293, True
68, 5.0, 48, 1, 8, 8090684, True
94, 4.4, 1, 1, 10, 7230898, True
194, 15.4, 50, 2, 30, 39013489, True
91, 7.6, 50, 3, 15, 7813152, True
94, 8.2, 55, 2, 15, 10511697, True
175, 10.4, 54, 3, 23, 28393351, True
192, 6.6, 53, 1, 13, 229535644, True
222, 9.8, 52, 30, 22, 87913912, True
177, 11.0, 58, 1, 20, 25851472, True
174, 7.8, 55, 3, 16, 12248400, True
145, 7.6, 51, 1, 14, 8926918, True
106, 6.0, 55, 3, 12, 11208198, True
194, 4.0, 56, 1, 6, 7424696, True
156, 12.8, 53, 2, 27, 13282666, True
205, 8.6, 48, 4, 18, 19914526, True
162, 12.6, 54, 2, 26, 13090919, True
218, 8.0, 28, 4, 17, 42110234, True
219, 11.0, 50, 3, 24, 31392284, True
233, 7.2, 2, 5, 19, 54689025, True
209, 12.8, 52, 4, 26, 18853334, True
213, 4.8, 2, 2, 11, 10987061, True
140, 11.8, 55, 2, 23, 10782140, True
175, 5.6, 55, 1, 11, 253761271, True
197, 6.0, 39, 2, 13, 21843148, True
192, 17.8, 51, 3, 35, 41314714, True
68, 8.0, 55, 7, 19, 25469766, True
189, 5.0, 54, 1, 9, 18502049, True
125, 9.2, 53, 2, 18, 42152431, True
237, 6.4, 46, 1, 12, 17834835, True
155, 13.6, 51, 2, 24, 18433518, True
179, 17.6, 50, 2, 34, 46156465, True
183, 4.0, 45, 1, 6, 7983408, True
153, 8.0, 54, 4, 17, 9650381, True
180, 4.6, 53, 1, 8, 406353805, True
192, 9.0, 59, 2, 17, 21224297, True
233, 8.2, 31, 4, 17, 40361039, True
423, 5.8, 45, 1, 12, 26119207, True
184, 8.4, 10, 7, 19, 81080359, True
222, 6.0, 44, 1, 11, 23742328, True
188, 4.4, 51, 1, 7, 9739234, True
195, 9.2, 49, 3, 18, 14204041, True
193, 10.4, 52, 47, 23, 158159704, True
68, 11.0, 53, 2, 23, 9559686, True
202, 5.2, 53, 1, 9, 671359449, True
308, 9.8, 20, 6, 24, 47111538, True
170, 6.4, 49, 1, 12, 13761573, True
114, 8.0, 47, 5, 17, 20545328, True
91, 5.2, 49, 1, 10, 7374799, True
237, 7.4, 24, 2, 16, 71370772, True
348, 16.6, 52, 2, 32, 40844075, True
192, 5.6, 51, 1, 11, 12753538, True
243, 5.0, 47, 1, 9, 9379908, True
188, 8.2, 59, 1, 18, 11466174, True
87, 8.8, 53, 1, 17, 14174304, True
164, 6.2, 46, 1, 12, 16418705, True
192, 7.8, 42, 1, 16, 12178432, True
135, 6.2, 53, 1, 13, 11019300, True
289, 5.0, 2, 3, 10, 14367056, True
137, 9.2, 53, 4, 19, 8692071, True
75, 5.2, 48, 1, 10, 7622397, True
201, 7.6, 51, 1, 14, 9733528, True
101, 4.0, 58, 1, 6, 7847033, True
209, 8.0, 44, 5, 17, 21174584, True
139, 8.2, 50, 2, 14, 8024577, True
163, 9.0, 53, 2, 18, 24393754, True
58, 4.8, 60, 1, 9, 7581935, True
96, 5.6, 46, 1, 10, 7767451, True
97, 8.2, 47, 3, 17, 9576707, True
183, 14.4, 52, 7, 29, 16831883, True
201, 5.0, 2, 3, 10, 15152592, True
249, 6.4, 48, 1, 12, 17880290, True
312, 8.2, 58, 2, 14, 7506230, True
194, 16.6, 50, 2, 32, 38249683, True
193, 16.8, 53, 3, 34, 36496012, True
215, 16.4, 50, 2, 32, 56847984, True
207, 12.2, 49, 2, 22, 43308755, True
54, 5.4, 47, 1, 11, 7863867, True
237, 7.2, 30, 4, 16, 58824026, True
114, 5.6, 13, 1, 12, 8039446, True
157, 4.8, 53, 1, 8, 8095472, True
194, 6.6, 42, 2, 12, 12061258, True
115, 6.2, 53, 1, 13, 10712991, True
116, 14.2, 52, 3, 29, 10712753, True
173, 7.0, 26, 2, 16, 45773512, True
69, 8.8, 52, 1, 17, 14734250, True
173, 8.2, 48, 13, 18, 72493224, True
197, 10.0, 57, 1, 19, 8369095, True
93, 7.8, 39, 3, 15, 33075741, True
186, 3.8, 7, 2, 8, 33899697, True
107, 8.6, 56, 2, 15, 35225154, True
181, 8.4, 30, 2, 18, 76098027, True
208, 14.2, 50, 2, 28, 55124487, True
217, 15.4, 49, 2, 30, 37664067, True
339, 5.6, 52, 1, 11, 359146957, True
205, 16.6, 56, 2, 32, 37420390, True
112, 4.8, 54, 1, 8, 7632855, True
147, 8.0, 55, 2, 15, 10324962, True
129, 9.4, 53, 1, 19, 8853035, True
199, 4.0, 51, 1, 6, 8272192, True
184, 7.8, 18, 2, 17, 100789108, True
64, 5.4, 55, 2, 10, 10069647, True
175, 5.2, 54, 1, 9, 8534897, True
76, 5.2, 52, 1, 9, 7862283, True
204, 11.0, 53, 2, 23, 9791614, True
88, 5.0, 54, 1, 9, 18040224, True
191, 9.6, 7, 10, 22, 61640251, True
194, 16.6, 47, 2, 32, 37819142, True
182, 9.8, 55, 2, 17, 10002309, True
186, 12.6, 57, 1, 23, 28840811, True
58, 5.6, 51, 3, 11, 9706074, True
215, 9.0, 59, 2, 17, 20358830, True
217, 9.6, 44, 4, 19, 19089941, True
401, 5.2, 54, 2, 9, 8662629, True
95, 6.0, 52, 3, 12, 9972901, True
67, 9.8, 53, 4, 20, 8340276, True
100, 5.2, 52, 1, 10, 7557749, True
140, 8.6, 51, 8, 18, 19887914, True
127, 8.8, 53, 1, 17, 14803562, True
255, 8.2, 48, 14, 18, 58719495, True
218, 4.2, 1, 1, 9, 10486664, True
192, 6.0, 46, 1, 11, 23653055, True
207, 6.6, 35, 1, 13, 21056824, True
195, 7.0, 20, 2, 15, 43295703, True
178, 5.4, 56, 2, 10, 8692477, True
67, 5.8, 52, 2, 11, 13506923, True
183, 5.8, 55, 1, 11, 20473772, True
232, 6.0, 51, 2, 12, 13529918, True
103, 5.2, 52, 1, 9, 7026689, True
61, 3.0, 0, 1, 6, 7160716, False
84, 3.2, 0, 1, 7, 8562521, False
87, 5.2, 49, 1, 10, 7387785, True
75, 3.2, 0, 1, 7, 8437910, False
79, 3.2, 0, 1, 7, 7528990, False
165, 7.6, 51, 1, 14, 9418981, True
176, 3.8, 0, 1, 8, 13634477, False
60, 3.0, 0, 1, 6, 7806895, False
84, 3.6, 0, 1, 8, 7553601, False
63, 3.6, 0, 1, 9, 13275657, False
184, 6.0, 46, 1, 11, 23844904, True
173, 4.0, 0, 1, 9, 8204242, False
62, 3.2, 0, 1, 7, 7124170, False
85, 3.2, 0, 1, 7, 7680824, False
154, 3.6, 0, 1, 8, 9489027, False
66, 3.0, 0, 1, 6, 7530600, False
73, 3.2, 0, 1, 7, 8665978, False
239, 16.4, 49, 2, 32, 57498287, True
110, 11.0, 53, 2, 23, 9943559, True
224, 6.4, 50, 1, 13, 9345873, True
80, 3.8, 0, 1, 9, 7529073, False
193, 12.8, 55, 3, 25, 352331146, True
76, 3.2, 0, 1, 7, 7489912, False
228, 8.4, 51, 3, 16, 17005928, True
